名称,评分,种类,地区,链接,海报
霸王别姬,9.5,剧情,中国大陆,https://movie.douban.com/subject/1291546/,https://img3.doubanio.com/view/photo/s_ratio_poster/public/p1910813120.jpg
背靠背~脸对脸,9.4,剧情,中国大陆,https://movie.douban.com/subject/1307856/,https://img1.doubanio.com/view/photo/s_ratio_poster/public/p2505048077.jpg
茶馆,9.4,剧情,中国大陆,https://movie.douban.com/subject/1461403/,https://img3.doubanio.com/view/photo/s_ratio_poster/public/p2262122096.jpg
刘二上访记,该电影尚无评分,剧情,中国大陆,https://movie.douban.com/subject/21715471/,https://img3.doubanio.com/view/subject/l/public/s25805382.jpg
天安门,9.3,剧情,中国大陆,https://movie.douban.com/subject/26986807/,https://img3.doubanio.com/view/photo/s_ratio_poster/public/p2437357211.jpg
鬼子来了,9.2,剧情,中国大陆,https://movie.douban.com/subject/1291858/,https://img3.doubanio.com/view/photo/s_ratio_poster/public/p1181775734.jpg
狐妖小红娘剧场版：王权富贵,9.2,剧情,中国大陆,https://movie.douban.com/subject/26946612/,https://img3.doubanio.com/view/photo/s_ratio_poster/public/p2409467410.jpg
哀乐中年,9.2,剧情,中国大陆,https://movie.douban.com/subject/4719384/,https://img3.doubanio.com/view/photo/s_ratio_poster/public/p2029574250.jpg
活着,9.1,剧情,中国大陆,https://movie.douban.com/subject/1292365/,https://img3.doubanio.com/view/photo/s_ratio_poster/public/p2513253791.jpg
天堂回信,9.1,剧情,中国大陆,https://movie.douban.com/subject/1418076/,https://img3.doubanio.com/view/photo/s_ratio_poster/public/p1090024531.jpg
剃头匠,9.1,剧情,中国大陆,https://movie.douban.com/subject/3097352/,https://img3.doubanio.com/view/photo/s_ratio_poster/public/p2186918733.jpg
遥望南方的童年,9.1,剧情,中国大陆,https://movie.douban.com/subject/3037329/,https://img1.doubanio.com/view/photo/s_ratio_poster/public/p2510977248.jpg
车轮不息,9.1,剧情,中国大陆,https://movie.douban.com/subject/19955871/,https://img3.doubanio.com/view/photo/s_ratio_poster/public/p1820625966.jpg
难夫难妻,9.1,剧情,中国大陆,https://movie.douban.com/subject/2057398/,https://img1.doubanio.com/view/photo/s_ratio_poster/public/p1696510747.jpg
荒山泪,9.1,剧情,中国大陆,https://movie.douban.com/subject/3724033/,https://img3.doubanio.com/view/photo/s_ratio_poster/public/p1945500364.jpg
我不是药神,9.0,剧情,中国大陆,https://movie.douban.com/subject/26752088/,https://img3.doubanio.com/view/photo/s_ratio_poster/public/p2519070834.jpg
末代皇帝,9.0,剧情,中国大陆,https://movie.douban.com/subject/1293172/,https://img3.doubanio.com/view/photo/s_ratio_poster/public/p452088641.jpg
芙蓉镇,9.0,剧情,中国大陆,https://movie.douban.com/subject/1297880/,https://img3.doubanio.com/view/photo/s_ratio_poster/public/p2368389240.jpg
红楼梦,9.0,剧情,中国大陆,https://movie.douban.com/subject/1329969/,https://img3.doubanio.com/view/photo/s_ratio_poster/public/p2322451692.jpg
如此爹娘,9.0,剧情,中国大陆,https://movie.douban.com/subject/3032535/,https://img3.doubanio.com/view/photo/s_ratio_poster/public/p2323730451.jpg
穆桂英挂帅,9.0,剧情,中国大陆,https://movie.douban.com/subject/2340950/,https://img3.doubanio.com/view/photo/s_ratio_poster/public/p2345664290.jpg
肖申克的救赎,9.6,剧情,美国,https://movie.douban.com/subject/1292052/,https://img3.doubanio.com/view/photo/s_ratio_poster/public/p480747492.jpg
控方证人,9.6,剧情,美国,https://movie.douban.com/subject/1296141/,https://img1.doubanio.com/view/photo/s_ratio_poster/public/p1505392928.jpg
迈克尔·杰克逊：音乐历史专辑全集,9.6,剧情,美国,https://movie.douban.com/subject/2122919/,https://img3.doubanio.com/view/subject/l/public/s2541232.jpg
阿甘正传,9.4,剧情,美国,https://movie.douban.com/subject/1292720/,https://img1.doubanio.com/view/photo/s_ratio_poster/public/p510876377.jpg
辛德勒的名单,9.4,剧情,美国,https://movie.douban.com/subject/1295124/,https://img3.doubanio.com/view/photo/s_ratio_poster/public/p492406163.jpg
十二怒汉,9.4,剧情,美国,https://movie.douban.com/subject/1293182/,https://img3.doubanio.com/view/photo/s_ratio_poster/public/p2173577632.jpg
十二怒汉,9.4,剧情,美国,https://movie.douban.com/subject/10583098/,https://img3.doubanio.com/view/photo/s_ratio_poster/public/p2153875961.jpg
控方证人,9.4,剧情,美国,https://movie.douban.com/subject/5294851/,https://img3.doubanio.com/view/photo/s_ratio_poster/public/p2367853261.jpg
拉娜·德雷：西海岸,9.4,剧情,美国,https://movie.douban.com/subject/25940511/,https://img3.doubanio.com/view/photo/s_ratio_poster/public/p2193232040.jpg
疑犯追踪 试播集,9.4,剧情,美国,https://movie.douban.com/subject/24700683/,https://img1.doubanio.com/view/photo/s_ratio_poster/public/p1974739828.jpg
拜访森林,9.4,剧情,美国,https://movie.douban.com/subject/25741291/,https://img3.doubanio.com/view/photo/s_ratio_poster/public/p2155898916.jpg
南方公园之梦想国度,9.4,剧情,美国,https://movie.douban.com/subject/5179539/,https://img3.doubanio.com/view/subject/l/public/s5293436.jpg
盗梦空间,9.3,剧情,美国,https://movie.douban.com/subject/3541415/,https://img3.doubanio.com/view/photo/s_ratio_poster/public/p513344864.jpg
泰坦尼克号,9.3,剧情,美国,https://movie.douban.com/subject/1292722/,https://img3.doubanio.com/view/photo/s_ratio_poster/public/p457760035.jpg
忠犬八公的故事,9.3,剧情,美国,https://movie.douban.com/subject/3011091/,https://img3.doubanio.com/view/photo/s_ratio_poster/public/p524964016.jpg
博弈论,9.3,剧情,美国,https://movie.douban.com/subject/3272459/,https://img3.doubanio.com/view/photo/s_ratio_poster/public/p2254959230.jpg
聪明狗走天涯,9.3,剧情,美国,https://movie.douban.com/subject/1297777/,https://img1.doubanio.com/view/subject/l/public/s1788447.jpg
查理布朗男孩,9.3,剧情,美国,https://movie.douban.com/subject/1295406/,https://img1.doubanio.com/view/photo/s_ratio_poster/public/p577559527.jpg
星际穿越,9.2,剧情,美国,https://movie.douban.com/subject/1889243/,https://img3.doubanio.com/view/photo/s_ratio_poster/public/p2206088801.jpg
教父,9.2,剧情,美国,https://movie.douban.com/subject/1291841/,https://img3.doubanio.com/view/photo/s_ratio_poster/public/p2190556185.jpg
摩登时代,9.2,剧情,美国,https://movie.douban.com/subject/1294371/,https://img3.doubanio.com/view/photo/s_ratio_poster/public/p2173707976.jpg
乱世佳人,9.2,剧情,美国,https://movie.douban.com/subject/1300267/,https://img3.doubanio.com/view/photo/s_ratio_poster/public/p1963126880.jpg
城市之光,9.2,剧情,美国,https://movie.douban.com/subject/1293908/,https://img3.doubanio.com/view/photo/s_ratio_poster/public/p2099815842.jpg
超感猎杀：完结特别篇,9.2,剧情,美国,https://movie.douban.com/subject/27040774/,https://img3.doubanio.com/view/photo/s_ratio_poster/public/p2520264840.jpg
生活多美好,9.2,剧情,美国,https://movie.douban.com/subject/1293749/,https://img1.doubanio.com/view/photo/s_ratio_poster/public/p771490367.jpg
难舍难分,9.2,剧情,美国,https://movie.douban.com/subject/3840029/,https://img3.doubanio.com/view/photo/s_ratio_poster/public/p2206663461.jpg
楚门的世界,9.1,剧情,美国,https://movie.douban.com/subject/1292064/,https://img3.doubanio.com/view/photo/s_ratio_poster/public/p479682972.jpg
蝙蝠侠：黑暗骑士,9.1,剧情,美国,https://movie.douban.com/subject/1851857/,https://img3.doubanio.com/view/photo/s_ratio_poster/public/p462657443.jpg
指环王3：王者无敌,9.1,剧情,美国,https://movie.douban.com/subject/1291552/,https://img3.doubanio.com/view/photo/s_ratio_poster/public/p1910825503.jpg
饮食男女,9.1,剧情,美国,https://movie.douban.com/subject/1291818/,https://img3.doubanio.com/view/photo/s_ratio_poster/public/p1910899751.jpg
教父2,9.1,剧情,美国,https://movie.douban.com/subject/1299131/,https://img1.doubanio.com/view/photo/s_ratio_poster/public/p2194138787.jpg
美国往事,9.1,剧情,美国,https://movie.douban.com/subject/1292262/,https://img1.doubanio.com/view/photo/s_ratio_poster/public/p477229647.jpg
寻子遇仙记,9.1,剧情,美国,https://movie.douban.com/subject/1293270/,https://img1.doubanio.com/view/photo/s_ratio_poster/public/p2332976198.jpg
丛林赤子心,9.1,剧情,美国,https://movie.douban.com/subject/1473562/,https://img3.doubanio.com/view/photo/s_ratio_poster/public/p2321248846.jpg
鳄鱼波鞋走天涯,9.1,剧情,美国,https://movie.douban.com/subject/1301811/,https://img3.doubanio.com/view/photo/s_ratio_poster/public/p2188484411.jpg
熊的故事,9.1,剧情,美国,https://movie.douban.com/subject/1300334/,https://img3.doubanio.com/view/photo/s_ratio_poster/public/p2454268056.jpg
车轮不息,9.1,剧情,美国,https://movie.douban.com/subject/19955871/,https://img3.doubanio.com/view/photo/s_ratio_poster/public/p1820625966.jpg
机器的复兴：第1部,9.1,剧情,美国,https://movie.douban.com/subject/2049553/,https://img3.doubanio.com/view/photo/s_ratio_poster/public/p2189949483.jpg
淘金岁月,9.1,剧情,美国,https://movie.douban.com/subject/1928887/,https://img3.doubanio.com/view/photo/s_ratio_poster/public/p2518163022.jpg
艾蒂与茜雅：漫长婚约,9.1,剧情,美国,https://movie.douban.com/subject/4152738/,https://img3.doubanio.com/view/photo/s_ratio_poster/public/p1509382174.jpg
人鼠之间,9.1,剧情,美国,https://movie.douban.com/subject/26431592/,https://img3.doubanio.com/view/photo/s_ratio_poster/public/p2252276881.jpg
街头友爱之情,9.1,剧情,美国,https://movie.douban.com/subject/2255927/,https://img3.doubanio.com/view/photo/s_ratio_poster/public/p2517733405.jpg
黑色警报,9.1,剧情,美国,https://movie.douban.com/subject/24522843/,https://img3.doubanio.com/view/photo/s_ratio_poster/public/p2185149696.jpg
蓝与灰,9.1,剧情,美国,https://movie.douban.com/subject/1300008/,https://img3.doubanio.com/view/subject/l/public/s2609825.jpg
少年派的奇幻漂流,9.0,剧情,美国,https://movie.douban.com/subject/1929463/,https://img3.doubanio.com/view/photo/s_ratio_poster/public/p1784592701.jpg
当幸福来敲门,9.0,剧情,美国,https://movie.douban.com/subject/1849031/,https://img3.doubanio.com/view/photo/s_ratio_poster/public/p1312700744.jpg
指环王2：双塔奇兵,9.0,剧情,美国,https://movie.douban.com/subject/1291572/,https://img3.doubanio.com/view/photo/s_ratio_poster/public/p909265336.jpg
死亡诗社,9.0,剧情,美国,https://movie.douban.com/subject/1291548/,https://img3.doubanio.com/view/photo/s_ratio_poster/public/p1910824340.jpg
搏击俱乐部,9.0,剧情,美国,https://movie.douban.com/subject/1292000/,https://img1.doubanio.com/view/photo/s_ratio_poster/public/p1910926158.jpg
飞越疯人院,9.0,剧情,美国,https://movie.douban.com/subject/1292224/,https://img1.doubanio.com/view/photo/s_ratio_poster/public/p792238287.jpg
完美的世界,9.0,剧情,美国,https://movie.douban.com/subject/1300992/,https://img3.doubanio.com/view/photo/s_ratio_poster/public/p792403691.jpg
将军号,9.0,剧情,美国,https://movie.douban.com/subject/1292778/,https://img3.doubanio.com/view/photo/s_ratio_poster/public/p2248676081.jpg
无翼鸟,9.0,剧情,美国,https://movie.douban.com/subject/2338160/,https://img1.doubanio.com/view/photo/s_ratio_poster/public/p2508642718.jpg
纽伦堡的审判,9.0,剧情,美国,https://movie.douban.com/subject/1292589/,https://img3.doubanio.com/view/photo/s_ratio_poster/public/p922207281.jpg
海蒂,9.0,剧情,美国,https://movie.douban.com/subject/1925081/,https://img3.doubanio.com/view/photo/s_ratio_poster/public/p2270779943.jpg
我自己的瑞凡,9.0,剧情,美国,https://movie.douban.com/subject/6861576/,https://img1.doubanio.com/view/photo/s_ratio_poster/public/p2294658138.jpg
小丘月圆,9.0,剧情,美国,https://movie.douban.com/subject/1302752/,https://img3.doubanio.com/view/photo/s_ratio_poster/public/p2334104591.jpg
蝙蝠侠：阿卡姆骑士,9.0,剧情,美国,https://movie.douban.com/subject/26381654/,https://img1.doubanio.com/view/photo/s_ratio_poster/public/p2252743877.jpg
霸王别姬,9.5,剧情,香港,https://movie.douban.com/subject/1291546/,https://img3.doubanio.com/view/photo/s_ratio_poster/public/p1910813120.jpg
背靠背~脸对脸,9.4,剧情,香港,https://movie.douban.com/subject/1307856/,https://img1.doubanio.com/view/photo/s_ratio_poster/public/p2505048077.jpg
Small Matters 音乐录像故事,9.4,剧情,香港,https://movie.douban.com/subject/2295463/,https://img1.doubanio.com/view/subject/l/public/s2752638.jpg
幸福的旁边,9.2,剧情,香港,https://movie.douban.com/subject/26879897/,https://img3.doubanio.com/view/photo/s_ratio_poster/public/p2503447611.jpg
无间道,9.1,剧情,香港,https://movie.douban.com/subject/1307914/,https://img3.doubanio.com/view/photo/s_ratio_poster/public/p2233971046.jpg
活着,9.1,剧情,香港,https://movie.douban.com/subject/1292365/,https://img3.doubanio.com/view/photo/s_ratio_poster/public/p2513253791.jpg
南海十三郎,9.1,剧情,香港,https://movie.douban.com/subject/1303913/,https://img1.doubanio.com/view/photo/s_ratio_poster/public/p2328424489.jpg
上海滩,9.0,剧情,香港,https://movie.douban.com/subject/6311260/,https://img3.doubanio.com/view/photo/s_ratio_poster/public/p2344833803.jpg
饮食男女,9.1,剧情,台湾,https://movie.douban.com/subject/1291818/,https://img3.doubanio.com/view/photo/s_ratio_poster/public/p1910899751.jpg
时之繁花,9.1,剧情,台湾,https://movie.douban.com/subject/25774028/,https://img3.doubanio.com/view/photo/s_ratio_poster/public/p2216519411.jpg
少年派的奇幻漂流,9.0,剧情,台湾,https://movie.douban.com/subject/1929463/,https://img3.doubanio.com/view/photo/s_ratio_poster/public/p1784592701.jpg
无言的山丘,9.0,剧情,台湾,https://movie.douban.com/subject/1298944/,https://img3.doubanio.com/view/photo/s_ratio_poster/public/p2522310203.jpg
长假,9.0,剧情,台湾,https://movie.douban.com/subject/3098844/,https://img3.doubanio.com/view/photo/s_ratio_poster/public/p2153135246.jpg
银魂：白夜叉降诞预告,9.5,剧情,日本,https://movie.douban.com/subject/4236817/,https://img1.doubanio.com/view/photo/s_ratio_poster/public/p2214620528.jpg
银魂：无论什么事开始虽然重要但伸个懒腰的话也不错,9.5,剧情,日本,https://movie.douban.com/subject/4116936/,https://img3.doubanio.com/view/photo/s_ratio_poster/public/p2221047675.jpg
北国之恋：1987初恋,9.5,剧情,日本,https://movie.douban.com/subject/3794147/,https://img3.doubanio.com/view/photo/s_ratio_poster/public/p2472830331.jpg
北国之恋：1984夏天,9.5,剧情,日本,https://movie.douban.com/subject/3794146/,https://img3.doubanio.com/view/photo/s_ratio_poster/public/p2472828763.jpg
北国之恋：1989归乡,9.5,剧情,日本,https://movie.douban.com/subject/3794149/,https://img1.doubanio.com/view/photo/s_ratio_poster/public/p2522940189.jpg
新世纪福音战士剧场版：Air/真心为你,9.4,剧情,日本,https://movie.douban.com/subject/1308892/,https://img3.doubanio.com/view/photo/s_ratio_poster/public/p453716993.jpg
夏目友人帐 第六季 特别篇 铃响的残株,9.4,剧情,日本,https://movie.douban.com/subject/27121232/,https://img3.doubanio.com/view/photo/s_ratio_poster/public/p2497232204.jpg
北国之恋：1995秘密,9.4,剧情,日本,https://movie.douban.com/subject/2025130/,https://img3.doubanio.com/view/photo/s_ratio_poster/public/p2508557411.jpg
北国之恋：1992自立,9.4,剧情,日本,https://movie.douban.com/subject/2025124/,https://img3.doubanio.com/view/photo/s_ratio_poster/public/p2508557701.jpg
北国之恋：2002遗言,9.4,剧情,日本,https://movie.douban.com/subject/2025137/,https://img1.doubanio.com/view/photo/s_ratio_poster/public/p2508558327.jpg
北国之恋：1998时代,9.4,剧情,日本,https://movie.douban.com/subject/2025138/,https://img3.doubanio.com/view/photo/s_ratio_poster/public/p2323647341.jpg
转世熏风,9.4,剧情,日本,https://movie.douban.com/subject/25745644/,https://img3.doubanio.com/view/photo/s_ratio_poster/public/p2317900073.jpg
千与千寻,9.3,剧情,日本,https://movie.douban.com/subject/1291561/,https://img3.doubanio.com/view/photo/s_ratio_poster/public/p1606727862.jpg
回忆积木小屋,9.3,剧情,日本,https://movie.douban.com/subject/3560787/,https://img3.doubanio.com/view/photo/s_ratio_poster/public/p2205961264.jpg
福音战士新剧场版：破,9.3,剧情,日本,https://movie.douban.com/subject/2567646/,https://img3.doubanio.com/view/photo/s_ratio_poster/public/p1026522114.jpg
银魂完结篇：直到永远的万事屋,9.3,剧情,日本,https://movie.douban.com/subject/11615927/,https://img3.doubanio.com/view/photo/s_ratio_poster/public/p2258024316.jpg
夏目友人帐 五 特别篇：一夜酒杯,9.3,剧情,日本,https://movie.douban.com/subject/27011740/,https://img3.doubanio.com/view/photo/s_ratio_poster/public/p2454093081.jpg
新世纪福音战士剧场版：复兴,9.3,剧情,日本,https://movie.douban.com/subject/20458867/,https://img3.doubanio.com/view/photo/s_ratio_poster/public/p2227584460.jpg
剧场版 吹响吧！上低音号2～想要传达的旋律～,9.3,剧情,日本,https://movie.douban.com/subject/26994755/,https://img3.doubanio.com/view/photo/s_ratio_poster/public/p2499628260.jpg
北国之恋：1983冬天,9.3,剧情,日本,https://movie.douban.com/subject/3794145/,https://img1.doubanio.com/view/photo/s_ratio_poster/public/p2472822148.jpg
宇宙兄弟#0,9.3,剧情,日本,https://movie.douban.com/subject/25792658/,https://img3.doubanio.com/view/photo/s_ratio_poster/public/p2192962095.jpg
铃兰：少女萌的故事,9.3,剧情,日本,https://movie.douban.com/subject/2065097/,https://img3.doubanio.com/view/photo/s_ratio_poster/public/p2195973053.jpg
俺たちに明日はある,9.3,剧情,日本,https://movie.douban.com/subject/25934120/,https://img3.doubanio.com/view/photo/s_ratio_poster/public/p2195248973.jpg
污秽森林,该电影尚无评分,剧情,日本,https://movie.douban.com/subject/27037041/,https://img3.doubanio.com/f/movie/30c6263b6db26d055cbbe73fe653e29014142ea3/pics/movie/movie_default_large.png
七武士,9.2,剧情,日本,https://movie.douban.com/subject/1295399/,https://img3.doubanio.com/view/photo/s_ratio_poster/public/p647099823.jpg
东京物语,9.2,剧情,日本,https://movie.douban.com/subject/1291568/,https://img3.doubanio.com/view/photo/s_ratio_poster/public/p1910832390.jpg
新世纪福音战士剧场版：死与新生,9.2,剧情,日本,https://movie.douban.com/subject/1455442/,https://img3.doubanio.com/view/photo/s_ratio_poster/public/p454134242.jpg
切腹,9.2,剧情,日本,https://movie.douban.com/subject/1304920/,https://img3.doubanio.com/view/photo/s_ratio_poster/public/p2151748293.jpg
夏目友人帐：曾几何时下雪之日,9.2,剧情,日本,https://movie.douban.com/subject/25736048/,https://img3.doubanio.com/view/photo/s_ratio_poster/public/p2151897085.jpg
夏目友人帐 第六季 特别篇 梦幻的碎片,9.2,剧情,日本,https://movie.douban.com/subject/27167055/,https://img3.doubanio.com/view/photo/s_ratio_poster/public/p2501694602.jpg
虫师 续章 荆棘之路,9.2,剧情,日本,https://movie.douban.com/subject/25915882/,https://img3.doubanio.com/view/photo/s_ratio_poster/public/p2189258450.jpg
虎与龙SP,9.2,剧情,日本,https://movie.douban.com/subject/3118848/,https://img3.doubanio.com/view/photo/s_ratio_poster/public/p809505182.jpg
虫师 铃之滴,9.2,剧情,日本,https://movie.douban.com/subject/26287114/,https://img3.doubanio.com/view/photo/s_ratio_poster/public/p2237552672.jpg
栗色小天使,9.2,剧情,日本,https://movie.douban.com/subject/2376466/,https://img3.doubanio.com/view/photo/s_ratio_poster/public/p1510442260.jpg
福音战士新剧场版：序,9.1,剧情,日本,https://movie.douban.com/subject/1968790/,https://img3.doubanio.com/view/photo/s_ratio_poster/public/p2411110730.jpg
最完美的离婚 2014特别篇,9.1,剧情,日本,https://movie.douban.com/subject/25790749/,https://img1.doubanio.com/view/photo/s_ratio_poster/public/p2186872257.jpg
生之欲,9.1,剧情,日本,https://movie.douban.com/subject/1293847/,https://img3.doubanio.com/view/photo/s_ratio_poster/public/p2327887726.jpg
夏目友人帐 第五季 特别篇 游戏盛宴,9.1,剧情,日本,https://movie.douban.com/subject/27017278/,https://img3.doubanio.com/view/photo/s_ratio_poster/public/p2455096331.jpg
女人步上楼梯时,9.1,剧情,日本,https://movie.douban.com/subject/1419479/,https://img1.doubanio.com/view/photo/s_ratio_poster/public/p1676504317.jpg
孤独的美食家 除夕特别篇～ 最后一食！濑户内出差篇,9.1,剧情,日本,https://movie.douban.com/subject/27203607/,https://img1.doubanio.com/view/photo/s_ratio_poster/public/p2513289247.jpg
情迷意乱,9.1,剧情,日本,https://movie.douban.com/subject/1422091/,https://img3.doubanio.com/view/photo/s_ratio_poster/public/p1449763371.jpg
2112年 哆啦A梦诞生,9.1,剧情,日本,https://movie.douban.com/subject/3558793/,https://img1.doubanio.com/view/photo/s_ratio_poster/public/p2507589858.jpg
倒数第二次恋爱 2012秋SP,9.1,剧情,日本,https://movie.douban.com/subject/19955789/,https://img3.doubanio.com/view/photo/s_ratio_poster/public/p1998695160.jpg
天元突破剧场版：螺岩篇,9.1,剧情,日本,https://movie.douban.com/subject/3727748/,https://img3.doubanio.com/view/photo/s_ratio_poster/public/p937216094.jpg
利兹与青鸟,9.1,剧情,日本,https://movie.douban.com/subject/27062637/,https://img1.doubanio.com/view/photo/s_ratio_poster/public/p2515806508.jpg
新世纪福音战士 第0:0话 诞生之始,9.1,剧情,日本,https://movie.douban.com/subject/26306741/,https://img3.doubanio.com/view/photo/s_ratio_poster/public/p2222846543.jpg
蛮幽鬼,9.1,剧情,日本,https://movie.douban.com/subject/26425434/,https://img3.doubanio.com/view/photo/s_ratio_poster/public/p2385322366.jpg
排球少年剧场版：观念之战,9.1,剧情,日本,https://movie.douban.com/subject/27144868/,https://img3.doubanio.com/view/photo/s_ratio_poster/public/p2499775714.jpg
空之境界 俯瞰风景3D,9.1,剧情,日本,https://movie.douban.com/subject/22297118/,https://img1.doubanio.com/view/photo/s_ratio_poster/public/p1970318059.jpg
人间的条件(第五、六部),9.1,剧情,日本,https://movie.douban.com/subject/1441039/,https://img3.doubanio.com/view/photo/s_ratio_poster/public/p2327866185.jpg
卡里古拉,9.1,剧情,日本,https://movie.douban.com/subject/26843144/,https://img3.doubanio.com/view/photo/s_ratio_poster/public/p2369252025.jpg
时空之轮2,9.1,剧情,日本,https://movie.douban.com/subject/2158683/,https://img3.doubanio.com/view/photo/s_ratio_poster/public/p2182731176.jpg
无人知晓,9.0,剧情,日本,https://movie.douban.com/subject/1292337/,https://img3.doubanio.com/view/photo/s_ratio_poster/public/p661160053.jpg
忠犬八公物语,9.0,剧情,日本,https://movie.douban.com/subject/1959195/,https://img3.doubanio.com/view/photo/s_ratio_poster/public/p2297934945.jpg
攻壳机动队2：无罪,9.0,剧情,日本,https://movie.douban.com/subject/1291566/,https://img1.doubanio.com/view/photo/s_ratio_poster/public/p1910832189.jpg
红鳉鱼,9.0,剧情,日本,https://movie.douban.com/subject/26266892/,https://img3.doubanio.com/view/photo/s_ratio_poster/public/p2315734512.jpg
空之境界 第七章 杀人考察（后）,9.0,剧情,日本,https://movie.douban.com/subject/3399553/,https://img3.doubanio.com/view/photo/s_ratio_poster/public/p2202703811.jpg
少女与战车 剧场版,9.0,剧情,日本,https://movie.douban.com/subject/24460604/,https://img1.doubanio.com/view/photo/s_ratio_poster/public/p2290872319.jpg
空之境界 未来福音 extra chorus,9.0,剧情,日本,https://movie.douban.com/subject/24861238/,https://img3.doubanio.com/view/photo/s_ratio_poster/public/p2215965143.jpg
机动战士高达：逆袭的夏亚,9.0,剧情,日本,https://movie.douban.com/subject/1401536/,https://img3.doubanio.com/view/photo/s_ratio_poster/public/p546980785.jpg
新世纪福音战士 第0:0'话 来自黑暗之光,9.0,剧情,日本,https://movie.douban.com/subject/25815018/,https://img1.doubanio.com/view/photo/s_ratio_poster/public/p2167258298.jpg
召唤恶魔阿萨谢尔OAD：路西法篇,9.0,剧情,日本,https://movie.douban.com/subject/10767534/,https://img3.doubanio.com/view/photo/s_ratio_poster/public/p2509350226.jpg
身毒丸,9.0,剧情,日本,https://movie.douban.com/subject/20326528/,https://img3.doubanio.com/view/photo/s_ratio_poster/public/p2519799906.jpg
8UPPERS FEATURE MUSIC FILM,9.0,剧情,日本,https://movie.douban.com/subject/6839118/,https://img1.doubanio.com/view/photo/s_ratio_poster/public/p1210671627.jpg
一碗阳春面,9.0,剧情,日本,https://movie.douban.com/subject/2062564/,https://img3.doubanio.com/view/photo/s_ratio_poster/public/p2182803213.jpg
水星领航员 OVA,9.0,剧情,日本,https://movie.douban.com/subject/2258612/,https://img3.doubanio.com/view/photo/s_ratio_poster/public/p2296508626.jpg
牧野村千年物语,9.0,剧情,日本,https://movie.douban.com/subject/2268963/,https://img1.doubanio.com/view/photo/s_ratio_poster/public/p1447177777.jpg
奥丁领域,9.0,剧情,日本,https://movie.douban.com/subject/5450837/,https://img3.doubanio.com/view/photo/s_ratio_poster/public/p784512610.jpg
1987：黎明到来的那一天,9.5,剧情,韩国,https://movie.douban.com/subject/26933690/,https://img3.doubanio.com/view/photo/s_ratio_poster/public/p2504540131.jpg
辩护人,9.2,剧情,韩国,https://movie.douban.com/subject/21937445/,https://img3.doubanio.com/view/photo/s_ratio_poster/public/p2158166535.jpg
素媛,9.1,剧情,韩国,https://movie.douban.com/subject/21937452/,https://img3.doubanio.com/view/photo/s_ratio_poster/public/p2118532944.jpg
我爱你,9.0,剧情,韩国,https://movie.douban.com/subject/5908478/,https://img1.doubanio.com/view/photo/s_ratio_poster/public/p1075591188.jpg
爱·回家,9.0,剧情,韩国,https://movie.douban.com/subject/1299361/,https://img3.doubanio.com/view/photo/s_ratio_poster/public/p2107418134.jpg
剧院魅影：25周年纪念演出,9.7,剧情,英国,https://movie.douban.com/subject/24751811/,https://img3.doubanio.com/view/photo/s_ratio_poster/public/p2006533765.jpg
第十二夜,9.6,剧情,英国,https://movie.douban.com/subject/26715548/,https://img1.doubanio.com/view/photo/s_ratio_poster/public/p2313529747.jpg
时空冒险,9.5,剧情,英国,https://movie.douban.com/subject/24298647/,https://img3.doubanio.com/view/photo/s_ratio_poster/public/p2173858926.jpg
唐顿庄园：2015圣诞特别篇,9.4,剧情,英国,https://movie.douban.com/subject/26320001/,https://img3.doubanio.com/view/photo/s_ratio_poster/public/p2292519115.jpg
控方证人,9.4,剧情,英国,https://movie.douban.com/subject/5294851/,https://img3.doubanio.com/view/photo/s_ratio_poster/public/p2367853261.jpg
天使在美国第二部：重建,9.4,剧情,英国,https://movie.douban.com/subject/27045950/,https://img3.doubanio.com/view/photo/s_ratio_poster/public/p2459578301.jpg
弗兰肯斯坦,9.4,剧情,英国,https://movie.douban.com/subject/10508921/,https://img3.doubanio.com/view/photo/s_ratio_poster/public/p2252273146.jpg
跳出我天地音乐剧,9.4,剧情,英国,https://movie.douban.com/subject/26264388/,https://img3.doubanio.com/view/photo/s_ratio_poster/public/p2215874393.jpg
文艺趣向,9.4,剧情,英国,https://movie.douban.com/subject/26637592/,https://img3.doubanio.com/view/photo/s_ratio_poster/public/p2325812941.jpg
Christina Aguilera: Back to Basics - Live and Down Under,9.4,剧情,英国,https://movie.douban.com/subject/3060405/,https://img3.doubanio.com/view/photo/s_ratio_poster/public/p2498697744.jpg
绿洲MTV不插电演唱会,9.4,剧情,英国,https://movie.douban.com/subject/3827301/,https://img3.doubanio.com/view/subject/l/public/s4099993.jpg
盗梦空间,9.3,剧情,英国,https://movie.douban.com/subject/3541415/,https://img3.doubanio.com/view/photo/s_ratio_poster/public/p513344864.jpg
忠犬八公的故事,9.3,剧情,英国,https://movie.douban.com/subject/3011091/,https://img3.doubanio.com/view/photo/s_ratio_poster/public/p524964016.jpg
天使在美国第一部：千禧年降临,9.3,剧情,英国,https://movie.douban.com/subject/27021257/,https://img3.doubanio.com/view/photo/s_ratio_poster/public/p2474460813.jpg
神秘博士特别篇：时间尽头(下),9.3,剧情,英国,https://movie.douban.com/subject/4215755/,https://img1.doubanio.com/view/photo/s_ratio_poster/public/p2151699747.jpg
当哈利离别霍格沃茨,9.3,剧情,英国,https://movie.douban.com/subject/7053733/,https://img3.doubanio.com/view/photo/s_ratio_poster/public/p2155293242.jpg
绿翼：圣诞特别篇,9.3,剧情,英国,https://movie.douban.com/subject/10535616/,https://img1.doubanio.com/view/photo/s_ratio_poster/public/p2173751587.jpg
幕后危机(特别版),9.3,剧情,英国,https://movie.douban.com/subject/10573682/,https://img1.doubanio.com/view/photo/s_ratio_poster/public/p2212335757.jpg
星际穿越,9.2,剧情,英国,https://movie.douban.com/subject/1889243/,https://img3.doubanio.com/view/photo/s_ratio_poster/public/p2206088801.jpg
唐顿庄园：2011圣诞特别篇,9.2,剧情,英国,https://movie.douban.com/subject/6870362/,https://img1.doubanio.com/view/photo/s_ratio_poster/public/p1711501188.jpg
父与女,9.2,剧情,英国,https://movie.douban.com/subject/1300395/,https://img1.doubanio.com/view/photo/s_ratio_poster/public/p2318217897.jpg
神秘博士：时间冲撞,9.2,剧情,英国,https://movie.douban.com/subject/4188543/,https://img3.doubanio.com/view/photo/s_ratio_poster/public/p2523700570.jpg
斑点带子案,9.2,剧情,英国,https://movie.douban.com/subject/3231171/,https://img3.doubanio.com/view/photo/s_ratio_poster/public/p1779190432.jpg
呼叫助产士：2012圣诞特别篇,9.2,剧情,英国,https://movie.douban.com/subject/20494747/,https://img3.doubanio.com/view/photo/s_ratio_poster/public/p2174965075.jpg
莫扎特 歌剧《唐·乔万尼》（唐璜）,9.2,剧情,英国,https://movie.douban.com/subject/1877242/,https://img3.doubanio.com/view/subject/l/public/s1812251.jpg
怒海英雄：回报,9.2,剧情,英国,https://movie.douban.com/subject/1889703/,https://img3.doubanio.com/view/photo/s_ratio_poster/public/p2278610124.jpg
贝尔斯通之狐,9.2,剧情,英国,https://movie.douban.com/subject/1840488/,https://img1.doubanio.com/view/photo/s_ratio_poster/public/p2496732019.jpg
蝙蝠侠：黑暗骑士,9.1,剧情,英国,https://movie.douban.com/subject/1851857/,https://img3.doubanio.com/view/photo/s_ratio_poster/public/p462657443.jpg
两杆大烟枪,9.1,剧情,英国,https://movie.douban.com/subject/1293350/,https://img1.doubanio.com/view/photo/s_ratio_poster/public/p792443418.jpg
黑镜：圣诞特别篇,9.1,剧情,英国,https://movie.douban.com/subject/25964630/,https://img3.doubanio.com/view/photo/s_ratio_poster/public/p2233676442.jpg
第十二夜,9.1,剧情,英国,https://movie.douban.com/subject/26994997/,https://img3.doubanio.com/view/photo/s_ratio_poster/public/p2445773970.jpg
弗朗西丝·卡法克斯女士的失踪,9.1,剧情,英国,https://movie.douban.com/subject/3610756/,https://img3.doubanio.com/view/photo/s_ratio_poster/public/p2509534726.jpg
福尔摩斯：跳舞的人,9.1,剧情,英国,https://movie.douban.com/subject/3230514/,https://img3.doubanio.com/view/photo/s_ratio_poster/public/p2511441892.jpg
第二块血迹,9.1,剧情,英国,https://movie.douban.com/subject/3607018/,https://img3.doubanio.com/view/photo/s_ratio_poster/public/p2511443522.jpg
银色马,9.1,剧情,英国,https://movie.douban.com/subject/3607042/,https://img1.doubanio.com/view/photo/s_ratio_poster/public/p2511443948.jpg
炼狱,9.1,剧情,英国,https://movie.douban.com/subject/26288174/,https://img3.doubanio.com/view/photo/s_ratio_poster/public/p2403960244.jpg
呼叫助产士：2013圣诞特别篇,9.1,剧情,英国,https://movie.douban.com/subject/25702328/,https://img1.doubanio.com/view/photo/s_ratio_poster/public/p2174965118.jpg
歌唱神探,9.1,剧情,英国,https://movie.douban.com/subject/1499667/,https://img3.doubanio.com/view/subject/l/public/s4178164.jpg
谁害怕弗吉尼亚·伍尔芙？,9.1,剧情,英国,https://movie.douban.com/subject/27018258/,https://img1.doubanio.com/view/photo/s_ratio_poster/public/p2455199319.jpg
临时演员圣诞特辑,9.1,剧情,英国,https://movie.douban.com/subject/2377036/,https://img3.doubanio.com/view/subject/l/public/s3914200.jpg
水獭塔卡,9.1,剧情,英国,https://movie.douban.com/subject/2016065/,https://img1.doubanio.com/view/photo/s_ratio_poster/public/p2526848077.jpg
怒海英雄：叛乱,9.1,剧情,英国,https://movie.douban.com/subject/1889700/,https://img1.doubanio.com/view/subject/l/public/s1832238.jpg
歌厅,9.1,剧情,英国,https://movie.douban.com/subject/4047130/,https://img3.doubanio.com/view/subject/l/public/s8807056.jpg
少年派的奇幻漂流,9.0,剧情,英国,https://movie.douban.com/subject/1929463/,https://img3.doubanio.com/view/photo/s_ratio_poster/public/p1784592701.jpg
末代皇帝,9.0,剧情,英国,https://movie.douban.com/subject/1293172/,https://img3.doubanio.com/view/photo/s_ratio_poster/public/p452088641.jpg
钢琴家,9.0,剧情,英国,https://movie.douban.com/subject/1296736/,https://img3.doubanio.com/view/photo/s_ratio_poster/public/p792484461.jpg
神探夏洛克：福至如归,9.0,剧情,英国,https://movie.douban.com/subject/25798411/,https://img3.doubanio.com/view/photo/s_ratio_poster/public/p2412522760.jpg
远在天边,9.0,剧情,英国,https://movie.douban.com/subject/3358309/,https://img3.doubanio.com/view/photo/s_ratio_poster/public/p2249033592.jpg
流浪者之歌,9.0,剧情,英国,https://movie.douban.com/subject/1303525/,https://img3.doubanio.com/view/photo/s_ratio_poster/public/p2384320756.jpg
天窗,9.0,剧情,英国,https://movie.douban.com/subject/25964104/,https://img1.doubanio.com/view/photo/s_ratio_poster/public/p2196752127.jpg
四签名,9.0,剧情,英国,https://movie.douban.com/subject/3130431/,https://img1.doubanio.com/view/photo/s_ratio_poster/public/p2511444258.jpg
简爱,9.0,剧情,英国,https://movie.douban.com/subject/26737926/,https://img3.doubanio.com/view/photo/s_ratio_poster/public/p2322796823.jpg
怒海英雄：火攻船,9.0,剧情,英国,https://movie.douban.com/subject/1889694/,https://img3.doubanio.com/view/photo/s_ratio_poster/public/p2278610371.jpg
神秘博士圣诞时刻,9.0,剧情,英国,https://movie.douban.com/subject/21354158/,https://img3.doubanio.com/view/subject/l/public/s24976003.jpg
北大西洋,9.0,剧情,英国,https://movie.douban.com/subject/5152997/,https://img1.doubanio.com/view/subject/l/public/s11180939.jpg
呼叫助产士：2014圣诞特别篇,9.0,剧情,英国,https://movie.douban.com/subject/25986298/,https://img1.doubanio.com/view/photo/s_ratio_poster/public/p2259011769.jpg
怒海英雄：忠诚,9.0,剧情,英国,https://movie.douban.com/subject/1889706/,https://img3.doubanio.com/view/photo/s_ratio_poster/public/p2325137626.jpg
怒海英雄：公爵夫人与恶魔,9.0,剧情,英国,https://movie.douban.com/subject/1889695/,https://img3.doubanio.com/view/photo/s_ratio_poster/public/p2278607774.jpg
这个杀手不太冷,9.4,剧情,法国,https://movie.douban.com/subject/1295644/,https://img3.doubanio.com/view/photo/s_ratio_poster/public/p511118051.jpg
罗密欧与朱丽叶,9.4,剧情,法国,https://movie.douban.com/subject/25928148/,https://img3.doubanio.com/view/photo/s_ratio_poster/public/p2224933614.jpg
巴黎圣母院,9.3,剧情,法国,https://movie.douban.com/subject/20326557/,https://img3.doubanio.com/view/photo/s_ratio_poster/public/p2329626263.jpg
放牛班的春天,9.2,剧情,法国,https://movie.douban.com/subject/1291549/,https://img3.doubanio.com/view/photo/s_ratio_poster/public/p1910824951.jpg
触不可及,9.2,剧情,法国,https://movie.douban.com/subject/6786002/,https://img3.doubanio.com/view/photo/s_ratio_poster/public/p1454261925.jpg
调音师,9.2,剧情,法国,https://movie.douban.com/subject/6846495/,https://img1.doubanio.com/view/photo/s_ratio_poster/public/p1529066859.jpg
洞,9.2,剧情,法国,https://movie.douban.com/subject/1424334/,https://img1.doubanio.com/view/photo/s_ratio_poster/public/p2497389079.jpg
天堂电影院,9.1,剧情,法国,https://movie.douban.com/subject/1291828/,https://img3.doubanio.com/view/photo/s_ratio_poster/public/p1910901025.jpg
地下,9.1,剧情,法国,https://movie.douban.com/subject/1292206/,https://img3.doubanio.com/view/photo/s_ratio_poster/public/p1833776334.jpg
熊的故事,9.1,剧情,法国,https://movie.douban.com/subject/1300334/,https://img3.doubanio.com/view/photo/s_ratio_poster/public/p2454268056.jpg
末代皇帝,9.0,剧情,法国,https://movie.douban.com/subject/1293172/,https://img3.doubanio.com/view/photo/s_ratio_poster/public/p452088641.jpg
钢琴家,9.0,剧情,法国,https://movie.douban.com/subject/1296736/,https://img3.doubanio.com/view/photo/s_ratio_poster/public/p792484461.jpg
沉静如海,9.0,剧情,法国,https://movie.douban.com/subject/1769507/,https://img3.doubanio.com/view/photo/s_ratio_poster/public/p2365157916.jpg
精神分裂症,9.0,剧情,法国,https://movie.douban.com/subject/3262918/,https://img3.doubanio.com/view/photo/s_ratio_poster/public/p857148064.jpg
卡比利亚之夜,9.0,剧情,法国,https://movie.douban.com/subject/1294781/,https://img3.doubanio.com/view/photo/s_ratio_poster/public/p922159253.jpg
罗马11时,9.0,剧情,法国,https://movie.douban.com/subject/1466243/,https://img3.doubanio.com/view/photo/s_ratio_poster/public/p2230837721.jpg
宝琳和宝莱特,9.0,剧情,法国,https://movie.douban.com/subject/1756409/,https://img3.doubanio.com/view/subject/l/public/s1627894.jpg
爱尔丝小姐,9.0,剧情,法国,https://movie.douban.com/subject/2084602/,https://img1.doubanio.com/view/photo/s_ratio_poster/public/p2153966838.jpg
Christina Aguilera: Back to Basics - Live and Down Under,9.4,剧情,德国,https://movie.douban.com/subject/3060405/,https://img3.doubanio.com/view/photo/s_ratio_poster/public/p2498697744.jpg
放牛班的春天,9.2,剧情,德国,https://movie.douban.com/subject/1291549/,https://img3.doubanio.com/view/photo/s_ratio_poster/public/p1910824951.jpg
祖母的照相馆,9.2,剧情,德国,https://movie.douban.com/subject/11587751/,https://img3.doubanio.com/view/photo/s_ratio_poster/public/p1659366674.jpg
窃听风暴,9.1,剧情,德国,https://movie.douban.com/subject/1900841/,https://img1.doubanio.com/view/photo/s_ratio_poster/public/p1808872109.jpg
地下,9.1,剧情,德国,https://movie.douban.com/subject/1292206/,https://img3.doubanio.com/view/photo/s_ratio_poster/public/p1833776334.jpg
冰上卡门,9.1,剧情,德国,https://movie.douban.com/subject/1998081/,https://img3.doubanio.com/view/subject/l/public/s4044014.jpg
金秋：与时间赛跑,9.1,剧情,德国,https://movie.douban.com/subject/5152067/,https://img3.doubanio.com/view/subject/l/public/s7020675.jpg
搏击俱乐部,9.0,剧情,德国,https://movie.douban.com/subject/1292000/,https://img1.doubanio.com/view/photo/s_ratio_poster/public/p1910926158.jpg
钢琴家,9.0,剧情,德国,https://movie.douban.com/subject/1296736/,https://img3.doubanio.com/view/photo/s_ratio_poster/public/p792484461.jpg
海蒂和爷爷,9.0,剧情,德国,https://movie.douban.com/subject/25958717/,https://img3.doubanio.com/view/photo/s_ratio_poster/public/p2332944143.jpg
爱尔丝小姐,9.0,剧情,德国,https://movie.douban.com/subject/2084602/,https://img1.doubanio.com/view/photo/s_ratio_poster/public/p2153966838.jpg
美丽人生,9.5,剧情,意大利,https://movie.douban.com/subject/1292063/,https://img3.doubanio.com/view/photo/s_ratio_poster/public/p510861873.jpg
灿烂人生,9.4,剧情,意大利,https://movie.douban.com/subject/1291831/,https://img3.doubanio.com/view/photo/s_ratio_poster/public/p1161132422.jpg
海上钢琴师,9.2,剧情,意大利,https://movie.douban.com/subject/1292001/,https://img1.doubanio.com/view/photo/s_ratio_poster/public/p511146807.jpg
洞,9.2,剧情,意大利,https://movie.douban.com/subject/1424334/,https://img1.doubanio.com/view/photo/s_ratio_poster/public/p2497389079.jpg
天堂电影院,9.1,剧情,意大利,https://movie.douban.com/subject/1291828/,https://img3.doubanio.com/view/photo/s_ratio_poster/public/p1910901025.jpg
美国往事,9.1,剧情,意大利,https://movie.douban.com/subject/1292262/,https://img1.doubanio.com/view/photo/s_ratio_poster/public/p477229647.jpg
末代皇帝,9.0,剧情,意大利,https://movie.douban.com/subject/1293172/,https://img3.doubanio.com/view/photo/s_ratio_poster/public/p452088641.jpg
卡比利亚之夜,9.0,剧情,意大利,https://movie.douban.com/subject/1294781/,https://img3.doubanio.com/view/photo/s_ratio_poster/public/p922159253.jpg
流浪者之歌,9.0,剧情,意大利,https://movie.douban.com/subject/1303525/,https://img3.doubanio.com/view/photo/s_ratio_poster/public/p2384320756.jpg
罗马11时,9.0,剧情,意大利,https://movie.douban.com/subject/1466243/,https://img3.doubanio.com/view/photo/s_ratio_poster/public/p2230837721.jpg
海蒂,9.0,剧情,意大利,https://movie.douban.com/subject/1925081/,https://img3.doubanio.com/view/photo/s_ratio_poster/public/p2270779943.jpg
塔可夫斯基的潜行者,9.3,剧情,西班牙,https://movie.douban.com/subject/4100973/,https://img3.doubanio.com/view/photo/s_ratio_poster/public/p2153601890.jpg
三傻大闹宝莱坞,9.2,剧情,印度,https://movie.douban.com/subject/3793023/,https://img3.doubanio.com/view/photo/s_ratio_poster/public/p579729551.jpg
摔跤吧！爸爸,9.1,剧情,印度,https://movie.douban.com/subject/26387939/,https://img3.doubanio.com/view/photo/s_ratio_poster/public/p2457983084.jpg
小鞋子,9.2,剧情,伊朗,https://movie.douban.com/subject/1303021/,https://img3.doubanio.com/view/photo/s_ratio_poster/public/p2173580603.jpg
清秀佳人第二部,9.3,剧情,加拿大,https://movie.douban.com/subject/5047697/,https://img3.doubanio.com/view/photo/s_ratio_poster/public/p1968503455.jpg
星际穿越,9.2,剧情,加拿大,https://movie.douban.com/subject/1889243/,https://img3.doubanio.com/view/photo/s_ratio_poster/public/p2206088801.jpg
车轮不息,9.1,剧情,加拿大,https://movie.douban.com/subject/19955871/,https://img3.doubanio.com/view/photo/s_ratio_poster/public/p1820625966.jpg
少年派的奇幻漂流,9.0,剧情,加拿大,https://movie.douban.com/subject/1929463/,https://img3.doubanio.com/view/photo/s_ratio_poster/public/p1784592701.jpg
小丘月圆,9.0,剧情,加拿大,https://movie.douban.com/subject/1302752/,https://img3.doubanio.com/view/photo/s_ratio_poster/public/p2334104591.jpg
大海的孩子,9.0,剧情,加拿大,https://movie.douban.com/subject/3274441/,https://img3.doubanio.com/view/photo/s_ratio_poster/public/p2206274006.jpg
土豆工厂,9.4,剧情,澳大利亚,https://movie.douban.com/subject/1793083/,https://img3.doubanio.com/view/photo/s_ratio_poster/public/p2233036824.jpg
奥菲欧与尤丽狄茜,9.1,剧情,澳大利亚,https://movie.douban.com/subject/2999288/,https://img3.doubanio.com/view/photo/s_ratio_poster/public/p2186607455.jpg
爱玛和丹尼尔的夏天,9.2,剧情,瑞典,https://movie.douban.com/subject/2258917/,https://img1.doubanio.com/view/subject/l/public/s2704847.jpg
狩猎,9.0,剧情,瑞典,https://movie.douban.com/subject/6985810/,https://img1.doubanio.com/view/photo/s_ratio_poster/public/p1546987967.jpg
婚姻生活,9.0,剧情,瑞典,https://movie.douban.com/subject/1292981/,https://img1.doubanio.com/view/photo/s_ratio_poster/public/p2037298187.jpg
狩猎,9.0,剧情,丹麦,https://movie.douban.com/subject/6985810/,https://img1.doubanio.com/view/photo/s_ratio_poster/public/p1546987967.jpg
肖申克的救赎,9.6,犯罪,美国,https://movie.douban.com/subject/1292052/,https://img3.doubanio.com/view/photo/s_ratio_poster/public/p480747492.jpg
控方证人,9.6,犯罪,美国,https://movie.douban.com/subject/1296141/,https://img1.doubanio.com/view/photo/s_ratio_poster/public/p1505392928.jpg
十二怒汉,9.4,犯罪,美国,https://movie.douban.com/subject/10583098/,https://img3.doubanio.com/view/photo/s_ratio_poster/public/p2153875961.jpg
控方证人,9.4,犯罪,美国,https://movie.douban.com/subject/5294851/,https://img3.doubanio.com/view/photo/s_ratio_poster/public/p2367853261.jpg
疑犯追踪 试播集,9.4,犯罪,美国,https://movie.douban.com/subject/24700683/,https://img1.doubanio.com/view/photo/s_ratio_poster/public/p1974739828.jpg
同行：奥兰多特别篇,9.3,犯罪,美国,https://movie.douban.com/subject/26878436/,https://img3.doubanio.com/view/photo/s_ratio_poster/public/p2494282754.jpg
教父,9.2,犯罪,美国,https://movie.douban.com/subject/1291841/,https://img3.doubanio.com/view/photo/s_ratio_poster/public/p2190556185.jpg
蝙蝠侠：黑暗骑士,9.1,犯罪,美国,https://movie.douban.com/subject/1851857/,https://img3.doubanio.com/view/photo/s_ratio_poster/public/p462657443.jpg
教父2,9.1,犯罪,美国,https://movie.douban.com/subject/1299131/,https://img1.doubanio.com/view/photo/s_ratio_poster/public/p2194138787.jpg
美国往事,9.1,犯罪,美国,https://movie.douban.com/subject/1292262/,https://img1.doubanio.com/view/photo/s_ratio_poster/public/p477229647.jpg
完美的世界,9.0,犯罪,美国,https://movie.douban.com/subject/1300992/,https://img3.doubanio.com/view/photo/s_ratio_poster/public/p792403691.jpg
蝙蝠侠：阿卡姆骑士,9.0,犯罪,美国,https://movie.douban.com/subject/26381654/,https://img1.doubanio.com/view/photo/s_ratio_poster/public/p2252743877.jpg
无间道,9.1,犯罪,香港,https://movie.douban.com/subject/1307914/,https://img3.doubanio.com/view/photo/s_ratio_poster/public/p2233971046.jpg
古畑任三郎 最后之舞,9.1,犯罪,日本,https://movie.douban.com/subject/10558406/,https://img3.doubanio.com/view/photo/s_ratio_poster/public/p2155138955.jpg
古畑任三郎完结篇 重生之死,9.0,犯罪,日本,https://movie.douban.com/subject/10558405/,https://img1.doubanio.com/view/photo/s_ratio_poster/public/p2155138409.jpg
控方证人,9.4,犯罪,英国,https://movie.douban.com/subject/5294851/,https://img3.doubanio.com/view/photo/s_ratio_poster/public/p2367853261.jpg
临终的侦探,9.4,犯罪,英国,https://movie.douban.com/subject/3676944/,https://img3.doubanio.com/view/photo/s_ratio_poster/public/p2518184706.jpg
红发会,9.2,犯罪,英国,https://movie.douban.com/subject/3603181/,https://img3.doubanio.com/view/photo/s_ratio_poster/public/p2511442242.jpg
空屋,9.2,犯罪,英国,https://movie.douban.com/subject/3603208/,https://img3.doubanio.com/view/photo/s_ratio_poster/public/p2511442621.jpg
马斯格雷夫仪式,9.2,犯罪,英国,https://movie.douban.com/subject/3607017/,https://img1.doubanio.com/view/photo/s_ratio_poster/public/p2518184319.jpg
布鲁斯—帕廷顿计划,9.2,犯罪,英国,https://movie.douban.com/subject/3607057/,https://img3.doubanio.com/view/photo/s_ratio_poster/public/p2511443640.jpg
出租车司机冒险记,9.2,犯罪,英国,https://movie.douban.com/subject/4705150/,https://img3.doubanio.com/view/photo/s_ratio_poster/public/p2502580762.jpg
王冠宝石案,9.2,犯罪,英国,https://movie.douban.com/subject/3712239/,https://img1.doubanio.com/view/photo/s_ratio_poster/public/p2526111308.jpg
斑点带子案,9.2,犯罪,英国,https://movie.douban.com/subject/3231171/,https://img3.doubanio.com/view/photo/s_ratio_poster/public/p1779190432.jpg
诺伍德的建筑师,9.2,犯罪,英国,https://movie.douban.com/subject/3603169/,https://img3.doubanio.com/view/photo/s_ratio_poster/public/p2511442211.jpg
住院的病人,9.2,犯罪,英国,https://movie.douban.com/subject/3603173/,https://img3.doubanio.com/view/photo/s_ratio_poster/public/p2511442284.jpg
显贵的主顾,9.2,犯罪,英国,https://movie.douban.com/subject/3676849/,https://img3.doubanio.com/view/photo/s_ratio_poster/public/p2518184536.jpg
最后一案,9.2,犯罪,英国,https://movie.douban.com/subject/3603187/,https://img3.doubanio.com/view/photo/s_ratio_poster/public/p2511441944.jpg
蝙蝠侠：黑暗骑士,9.1,犯罪,英国,https://movie.douban.com/subject/1851857/,https://img3.doubanio.com/view/photo/s_ratio_poster/public/p462657443.jpg
两杆大烟枪,9.1,犯罪,英国,https://movie.douban.com/subject/1293350/,https://img1.doubanio.com/view/photo/s_ratio_poster/public/p792443418.jpg
帷幕：波洛的最后一案,9.1,犯罪,英国,https://movie.douban.com/subject/25892252/,https://img1.doubanio.com/view/photo/s_ratio_poster/public/p2184353409.jpg
魔鬼之足,9.1,犯罪,英国,https://movie.douban.com/subject/3607038/,https://img3.doubanio.com/view/photo/s_ratio_poster/public/p2511443805.jpg
第二块血迹,9.1,犯罪,英国,https://movie.douban.com/subject/3607018/,https://img3.doubanio.com/view/photo/s_ratio_poster/public/p2511443522.jpg
六座拿破仑半身像,9.1,犯罪,英国,https://movie.douban.com/subject/3607036/,https://img3.doubanio.com/view/photo/s_ratio_poster/public/p2511444146.jpg
银色马,9.1,犯罪,英国,https://movie.douban.com/subject/3607042/,https://img1.doubanio.com/view/photo/s_ratio_poster/public/p2511443948.jpg
爬行人,9.1,犯罪,英国,https://movie.douban.com/subject/3676858/,https://img3.doubanio.com/view/photo/s_ratio_poster/public/p2518184561.jpg
硬纸盒子,9.1,犯罪,英国,https://movie.douban.com/subject/3712242/,https://img3.doubanio.com/view/photo/s_ratio_poster/public/p2509534531.jpg
三角墙山庄,9.0,犯罪,英国,https://movie.douban.com/subject/3676930/,https://img1.doubanio.com/view/photo/s_ratio_poster/public/p2518184667.jpg
流浪者之歌,9.0,犯罪,英国,https://movie.douban.com/subject/1303525/,https://img3.doubanio.com/view/photo/s_ratio_poster/public/p2384320756.jpg
格兰其庄园,9.0,犯罪,英国,https://movie.douban.com/subject/3603220/,https://img3.doubanio.com/view/photo/s_ratio_poster/public/p2511442463.jpg
歪唇男人,9.0,犯罪,英国,https://movie.douban.com/subject/3607022/,https://img3.doubanio.com/view/photo/s_ratio_poster/public/p2511443473.jpg
雷神桥之谜,9.0,犯罪,英国,https://movie.douban.com/subject/3610794/,https://img3.doubanio.com/view/photo/s_ratio_poster/public/p2518184394.jpg
博斯科姆比溪谷秘案,9.0,犯罪,英国,https://movie.douban.com/subject/3630749/,https://img1.doubanio.com/view/photo/s_ratio_poster/public/p2518184497.jpg
这个杀手不太冷,9.4,犯罪,法国,https://movie.douban.com/subject/1295644/,https://img3.doubanio.com/view/photo/s_ratio_poster/public/p511118051.jpg
洞,9.2,犯罪,法国,https://movie.douban.com/subject/1424334/,https://img1.doubanio.com/view/photo/s_ratio_poster/public/p2497389079.jpg
洞,9.2,犯罪,意大利,https://movie.douban.com/subject/1424334/,https://img1.doubanio.com/view/photo/s_ratio_poster/public/p2497389079.jpg
美国往事,9.1,犯罪,意大利,https://movie.douban.com/subject/1292262/,https://img1.doubanio.com/view/photo/s_ratio_poster/public/p477229647.jpg
流浪者之歌,9.0,犯罪,意大利,https://movie.douban.com/subject/1303525/,https://img3.doubanio.com/view/photo/s_ratio_poster/public/p2384320756.jpg
亲爱的安杰丽卡,9.5,科幻,美国,https://movie.douban.com/subject/27600170/,https://img1.doubanio.com/view/photo/s_ratio_poster/public/p2511435169.jpg
心灵融合,9.5,科幻,美国,https://movie.douban.com/subject/5131881/,https://img1.doubanio.com/view/photo/s_ratio_poster/public/p2511552687.jpg
瑞克与莫蒂之精致死尸,9.4,科幻,美国,https://movie.douban.com/subject/27101676/,https://img1.doubanio.com/view/photo/s_ratio_poster/public/p2494617459.jpg
盗梦空间,9.3,科幻,美国,https://movie.douban.com/subject/3541415/,https://img3.doubanio.com/view/photo/s_ratio_poster/public/p513344864.jpg
机器人总动员,9.3,科幻,美国,https://movie.douban.com/subject/2131459/,https://img3.doubanio.com/view/photo/s_ratio_poster/public/p1461851991.jpg
守望先锋：双龙,9.3,科幻,美国,https://movie.douban.com/subject/26860017/,https://img3.doubanio.com/view/photo/s_ratio_poster/public/p2417863546.jpg
萤火虫10周年纪念,9.3,科幻,美国,https://movie.douban.com/subject/24882604/,https://img3.doubanio.com/view/photo/s_ratio_poster/public/p2161889323.jpg
历史频道 - 宇宙系列：大爆炸开始,9.3,科幻,美国,https://movie.douban.com/subject/4714475/,https://img3.doubanio.com/view/subject/l/public/s4227350.jpg
星际穿越,9.2,科幻,美国,https://movie.douban.com/subject/1889243/,https://img3.doubanio.com/view/photo/s_ratio_poster/public/p2206088801.jpg
超感猎杀：完结特别篇,9.2,科幻,美国,https://movie.douban.com/subject/27040774/,https://img3.doubanio.com/view/photo/s_ratio_poster/public/p2520264840.jpg
守望先锋：最后的堡垒,9.2,科幻,美国,https://movie.douban.com/subject/26860014/,https://img3.doubanio.com/view/photo/s_ratio_poster/public/p2501625602.jpg
如此美好的一天(短片),9.2,科幻,美国,https://movie.douban.com/subject/10598713/,https://img3.doubanio.com/view/photo/s_ratio_poster/public/p2395484381.jpg
楚门的世界,9.1,科幻,美国,https://movie.douban.com/subject/1292064/,https://img3.doubanio.com/view/photo/s_ratio_poster/public/p479682972.jpg
蝙蝠侠：黑暗骑士,9.1,科幻,美国,https://movie.douban.com/subject/1851857/,https://img3.doubanio.com/view/photo/s_ratio_poster/public/p462657443.jpg
机器的复兴：第1部,9.1,科幻,美国,https://movie.douban.com/subject/2049553/,https://img3.doubanio.com/view/photo/s_ratio_poster/public/p2189949483.jpg
机器的复兴：第2部,9.1,科幻,美国,https://movie.douban.com/subject/2049556/,https://img3.doubanio.com/view/photo/s_ratio_poster/public/p2189949652.jpg
电焊工波力,9.0,科幻,美国,https://movie.douban.com/subject/3338821/,https://img3.doubanio.com/view/photo/s_ratio_poster/public/p1202712652.jpg
世界纪录,9.0,科幻,美国,https://movie.douban.com/subject/2049559/,https://img3.doubanio.com/view/photo/s_ratio_poster/public/p2189185870.jpg
最棒的怪物,9.0,科幻,美国,https://movie.douban.com/subject/20393812/,https://img1.doubanio.com/view/subject/l/public/s24428449.jpg
星际牛仔,9.5,科幻,日本,https://movie.douban.com/subject/26883616/,https://img3.doubanio.com/view/photo/s_ratio_poster/public/p2385967281.jpg
新世纪福音战士剧场版：Air/真心为你,9.4,科幻,日本,https://movie.douban.com/subject/1308892/,https://img3.doubanio.com/view/photo/s_ratio_poster/public/p453716993.jpg
福音战士新剧场版：破,9.3,科幻,日本,https://movie.douban.com/subject/2567646/,https://img3.doubanio.com/view/photo/s_ratio_poster/public/p1026522114.jpg
新世纪福音战士剧场版：复兴,9.3,科幻,日本,https://movie.douban.com/subject/20458867/,https://img3.doubanio.com/view/photo/s_ratio_poster/public/p2227584460.jpg
新世纪福音战士剧场版：死与新生,9.2,科幻,日本,https://movie.douban.com/subject/1455442/,https://img3.doubanio.com/view/photo/s_ratio_poster/public/p454134242.jpg
福音战士新剧场版：序,9.1,科幻,日本,https://movie.douban.com/subject/1968790/,https://img3.doubanio.com/view/photo/s_ratio_poster/public/p2411110730.jpg
命运石之门：横行跋扈的浪荡之徒,9.1,科幻,日本,https://movie.douban.com/subject/10521690/,https://img3.doubanio.com/view/photo/s_ratio_poster/public/p1432532161.jpg
机动战士高达 THE ORIGIN III 破晓的起义,9.1,科幻,日本,https://movie.douban.com/subject/26359261/,https://img3.doubanio.com/view/photo/s_ratio_poster/public/p2325456546.jpg
2112年 哆啦A梦诞生,9.1,科幻,日本,https://movie.douban.com/subject/3558793/,https://img1.doubanio.com/view/photo/s_ratio_poster/public/p2507589858.jpg
新世纪福音战士 第0:0话 诞生之始,9.1,科幻,日本,https://movie.douban.com/subject/26306741/,https://img3.doubanio.com/view/photo/s_ratio_poster/public/p2222846543.jpg
银河英雄传说：我的征途是星辰大海,9.1,科幻,日本,https://movie.douban.com/subject/3542206/,https://img1.doubanio.com/view/photo/s_ratio_poster/public/p2530472689.jpg
银河英雄传说：新战争的序曲,9.1,科幻,日本,https://movie.douban.com/subject/3542229/,https://img3.doubanio.com/view/photo/s_ratio_poster/public/p2518590956.jpg
时空之轮2,9.1,科幻,日本,https://movie.douban.com/subject/2158683/,https://img3.doubanio.com/view/photo/s_ratio_poster/public/p2182731176.jpg
攻壳机动队2：无罪,9.0,科幻,日本,https://movie.douban.com/subject/1291566/,https://img1.doubanio.com/view/photo/s_ratio_poster/public/p1910832189.jpg
凉宫春日的消失,9.0,科幻,日本,https://movie.douban.com/subject/4074292/,https://img3.doubanio.com/view/photo/s_ratio_poster/public/p2246432125.jpg
机动战士高达：逆袭的夏亚,9.0,科幻,日本,https://movie.douban.com/subject/1401536/,https://img3.doubanio.com/view/photo/s_ratio_poster/public/p546980785.jpg
赛文奥特曼 我是地球人,9.0,科幻,日本,https://movie.douban.com/subject/5041031/,https://img3.doubanio.com/view/subject/l/public/s4444833.jpg
新世纪福音战士 第0:0'话 来自黑暗之光,9.0,科幻,日本,https://movie.douban.com/subject/25815018/,https://img1.doubanio.com/view/photo/s_ratio_poster/public/p2167258298.jpg
高智能方程式赛车 TV总集篇,9.0,科幻,日本,https://movie.douban.com/subject/4906417/,https://img3.doubanio.com/view/subject/l/public/s4412555.jpg
宇宙快递,9.0,科幻,韩国,https://movie.douban.com/subject/25884822/,https://img3.doubanio.com/view/photo/s_ratio_poster/public/p2229847445.jpg
神秘博士2005慈善特辑：帮助儿童,9.4,科幻,英国,https://movie.douban.com/subject/10577674/,https://img3.doubanio.com/view/photo/s_ratio_poster/public/p1826505672.jpg
盗梦空间,9.3,科幻,英国,https://movie.douban.com/subject/3541415/,https://img3.doubanio.com/view/photo/s_ratio_poster/public/p513344864.jpg
神秘博士特别篇：时间尽头(下),9.3,科幻,英国,https://movie.douban.com/subject/4215755/,https://img1.doubanio.com/view/photo/s_ratio_poster/public/p2151699747.jpg
星际穿越,9.2,科幻,英国,https://movie.douban.com/subject/1889243/,https://img3.doubanio.com/view/photo/s_ratio_poster/public/p2206088801.jpg
神秘博士：时间冲撞,9.2,科幻,英国,https://movie.douban.com/subject/4188543/,https://img3.doubanio.com/view/photo/s_ratio_poster/public/p2523700570.jpg
蝙蝠侠：黑暗骑士,9.1,科幻,英国,https://movie.douban.com/subject/1851857/,https://img3.doubanio.com/view/photo/s_ratio_poster/public/p462657443.jpg
黑镜：圣诞特别篇,9.1,科幻,英国,https://movie.douban.com/subject/25964630/,https://img3.doubanio.com/view/photo/s_ratio_poster/public/p2233676442.jpg
最棒的同伴,9.1,科幻,英国,https://movie.douban.com/subject/20399058/,https://img1.doubanio.com/view/subject/l/public/s24439949.jpg
神秘博士：火星之水,9.0,科幻,英国,https://movie.douban.com/subject/4144683/,https://img3.doubanio.com/view/photo/s_ratio_poster/public/p2151616662.jpg
神秘博士圣诞时刻,9.0,科幻,英国,https://movie.douban.com/subject/21354158/,https://img3.doubanio.com/view/subject/l/public/s24976003.jpg
最棒的怪物,9.0,科幻,英国,https://movie.douban.com/subject/20393812/,https://img1.doubanio.com/view/subject/l/public/s24428449.jpg
星际穿越,9.2,科幻,加拿大,https://movie.douban.com/subject/1889243/,https://img3.doubanio.com/view/photo/s_ratio_poster/public/p2206088801.jpg
